,Level 1,,,"Level 2, INDOOR:",,,,,,"Level 2, OUTDOOR NATURAL:",,,,"Level 2, OUTDOOR MAN-MADE:",,,,,
category,indoor,"outdoor, natural","outdoor, man-made",shopping and dining,"workplace (office building, factory, lab, etc.)",home or hotel,"transportation (vehicle interiors, stations, etc.)",sports and leisure,"cultural (art, education, religion, millitary, law, politics, etc.)","water, ice, snow","mountains, hills, desert, sky","forest, field, jungle",man-made elements,"transportation (roads, parking, bridges, boats, airports, etc.)","cultural or historical building/place (millitary, religious)","sports fields, parks, leisure spaces",industrial and construction,"houses, cabins, gardens, and farms","commercial buildings, shops, markets, cities, and towns"
'/a/airfield',0,0,1,0,0,0,0,0,0,0,0,0,0,1,0,0,0,0,0
'/a/airplane_cabin',1,0,0,0,0,0,1,0,0,0,0,0,0,0,0,0,0,0,0
'/a/airport_terminal',1,0,0,0,0,0,1,0,0,0,0,0,0,0,0,0,0,0,0
'/a/alcove',1,0,0,0,0,1,0,0,0,0,0,0,0,0,0,0,0,0,0
'/a/alley',0,0,1,0,0,0,0,0,0,0,0,0,0,0,0,0,0,0,1
'/a/amphitheater',0,0,1,0,0,0,0,0,0,0,0,0,0,0,1,0,0,0,0
'/a/amusement_arcade',1,0,0,0,0,0,0,1,0,0,0,0,0,0,0,0,0,0,0
'/a/amusement_park',0,0,1,0,0,0,0,0,0,0,0,0,0,0,0,1,0,0,0
'/a/apartment_building/outdoor',0,0,1,0,0,0,0,0,0,0,0,0,0,0,0,0,0,0,1
'/a/aquarium',1,0,0,0,0,0,0,0,1,0,0,0,0,0,0,0,0,0,0
'/a/aqueduct',0,1,1,0,0,0,0,0,0,0,0,0,1,0,1,0,0,0,0
'/a/arcade',1,0,0,0,0,0,0,0,1,0,0,0,0,0,0,0,0,0,0
'/a/arch',0,0,1,0,0,0,0,0,0,0,0,0,0,0,1,0,0,0,0
'/a/archaelogical_excavation',0,0,1,0,0,0,0,0,0,0,0,0,0,0,1,0,0,0,0
'/a/archive',1,0,0,0,0,0,0,0,1,0,0,0,0,0,0,0,0,0,0
'/a/arena/hockey',1,0,0,0,0,0,0,1,0,0,0,0,0,0,0,0,0,0,0
'/a/arena/performance',1,0,0,0,0,0,0,1,0,0,0,0,0,0,0,0,0,0,0
'/a/arena/rodeo',1,0,0,0,0,0,0,1,0,0,0,0,0,0,0,0,0,0,0
'/a/army_base',0,0,1,0,0,0,0,0,0,0,0,0,0,0,1,0,0,0,0
'/a/art_gallery',1,0,0,0,0,0,0,0,1,0,0,0,0,0,0,0,0,0,0
'/a/art_school',1,0,0,0,0,0,0,0,1,0,0,0,0,0,0,0,0,0,0
'/a/art_studio',1,0,0,0,0,0,0,0,1,0,0,0,0,0,0,0,0,0,0
'/a/artists_loft',1,0,0,0,0,0,0,0,1,0,0,0,0,0,0,0,0,0,0
'/a/assembly_line',1,0,0,0,1,0,0,0,0,0,0,0,0,0,0,0,0,0,0
'/a/athletic_field/outdoor',0,0,1,0,0,0,0,0,0,0,0,0,0,0,0,1,0,0,0
'/a/atrium/public',1,0,0,0,1,0,0,0,0,0,0,0,0,0,0,0,0,0,0
'/a/attic',1,0,0,0,0,1,0,0,0,0,0,0,0,0,0,0,0,0,0
'/a/auditorium',1,0,0,0,0,0,0,0,1,0,0,0,0,0,0,0,0,0,0
'/a/auto_factory',1,0,0,0,1,0,0,0,0,0,0,0,0,0,0,0,0,0,0
'/a/auto_showroom',1,0,0,1,0,0,0,0,0,0,0,0,0,0,0,0,0,0,0
'/b/badlands',0,1,0,0,0,0,0,0,0,0,1,0,0,0,0,0,0,0,0
'/b/bakery/shop',1,0,0,1,0,0,0,0,0,0,0,0,0,0,0,0,0,0,0
'/b/balcony/exterior',0,0,1,0,0,0,0,0,0,0,0,0,0,0,0,0,0,1,1
'/b/balcony/interior',0,0,1,0,0,0,0,0,0,0,0,0,0,0,0,0,0,1,1
'/b/ball_pit',1,0,0,0,0,0,0,1,0,0,0,0,0,0,0,0,0,0,0
'/b/ballroom',1,0,0,0,0,0,0,1,0,0,0,0,0,0,0,0,0,0,0
'/b/bamboo_forest',0,1,0,0,0,0,0,0,0,0,0,1,0,0,0,0,0,0,0
'/b/bank_vault',1,0,0,1,1,0,0,0,0,0,0,0,0,0,0,0,0,0,0
'/b/banquet_hall',1,0,0,1,0,0,0,0,0,0,0,0,0,0,0,0,0,0,0
'/b/bar',1,0,0,1,0,0,0,0,0,0,0,0,0,0,0,0,0,0,0
'/b/barn',0,1,1,0,0,0,0,0,0,0,0,1,1,0,0,0,0,1,0
'/b/barndoor',0,0,1,0,0,0,0,0,0,0,0,0,0,0,0,0,0,1,0
'/b/baseball_field',0,0,1,0,0,0,0,0,0,0,0,0,0,0,0,1,0,0,0
'/b/basement',1,0,0,0,0,1,0,0,0,0,0,0,0,0,0,0,0,0,0
'/b/basketball_court/indoor',1,0,0,0,0,0,0,1,0,0,0,0,0,0,0,0,0,0,0
'/b/bathroom',1,0,0,0,0,1,0,0,0,0,0,0,0,0,0,0,0,0,0
'/b/bazaar/indoor',1,0,0,1,0,0,0,0,0,0,0,0,0,0,0,0,0,0,0
'/b/bazaar/outdoor',0,0,1,0,0,0,0,0,0,0,0,0,0,0,1,0,0,0,1
'/b/beach',0,1,0,0,0,0,0,0,0,1,0,0,0,0,0,0,0,0,0
'/b/beach_house',0,0,1,0,0,0,0,0,0,0,0,0,0,0,0,0,0,1,0
'/b/beauty_salon',1,0,0,1,0,0,0,0,1,0,0,0,0,0,0,0,0,0,0
'/b/bedchamber',1,0,0,0,0,1,0,0,0,0,0,0,0,0,0,0,0,0,0
'/b/bedroom',1,0,0,0,0,1,0,0,0,0,0,0,0,0,0,0,0,0,0
'/b/beer_garden',0,0,1,0,0,0,0,0,0,0,0,0,0,0,0,1,0,0,0
'/b/beer_hall',1,0,0,1,0,0,0,0,0,0,0,0,0,0,0,0,0,0,0
'/b/berth',1,0,0,0,0,0,1,0,0,0,0,0,0,0,0,0,0,0,0
'/b/biology_laboratory',1,0,0,0,1,0,0,0,0,0,0,0,0,0,0,0,0,0,0
'/b/boardwalk',0,1,1,0,0,0,0,0,0,1,0,1,1,0,0,1,0,0,0
'/b/boat_deck',0,0,1,0,0,0,0,0,0,0,0,0,0,1,0,0,0,0,0
'/b/boathouse',0,1,1,0,0,0,0,0,0,1,0,0,1,1,0,0,0,0,0
'/b/bookstore',1,0,0,1,0,0,0,0,0,0,0,0,0,0,0,0,0,0,0
'/b/booth/indoor',1,0,0,0,1,0,0,0,1,0,0,0,0,0,0,0,0,0,0
'/b/botanical_garden',0,1,1,0,0,0,0,0,0,0,0,1,1,0,0,0,0,1,0
'/b/bow_window/indoor',1,0,0,0,0,1,0,0,0,0,0,0,0,0,0,0,0,0,0
'/b/bowling_alley',1,0,0,0,0,0,0,1,0,0,0,0,0,0,0,0,0,0,0
'/b/boxing_ring',1,0,0,0,0,0,0,1,0,0,0,0,0,0,0,0,0,0,0
'/b/bridge',0,0,1,0,0,0,0,0,0,0,0,0,0,1,0,0,0,0,0
'/b/building_facade',0,0,1,0,0,0,0,0,0,0,0,0,0,0,0,0,0,0,1
'/b/bullring',0,0,1,0,0,0,0,0,0,0,0,0,0,0,0,1,0,0,0
'/b/burial_chamber',1,0,0,0,0,0,0,0,1,0,0,0,0,0,0,0,0,0,0
'/b/bus_interior',1,0,0,0,0,0,1,0,0,0,0,0,0,0,0,0,0,0,0
'/b/bus_station/indoor',1,0,1,0,0,0,1,0,0,0,0,0,0,1,0,0,0,0,0
'/b/butchers_shop',1,0,0,1,0,0,0,0,0,0,0,0,0,0,0,0,0,0,0
'/b/butte',0,1,0,0,0,0,0,0,0,0,1,0,0,0,0,0,0,0,0
'/c/cabin/outdoor',0,0,1,0,0,0,0,0,0,0,0,0,0,0,0,0,0,1,0
'/c/cafeteria',1,0,0,1,0,0,0,0,0,0,0,0,0,0,0,0,0,0,0
'/c/campsite',0,0,1,0,0,0,0,0,0,0,0,0,0,0,0,1,0,0,0
'/c/campus',0,0,1,0,0,0,0,0,0,0,0,0,0,0,1,0,0,0,0
'/c/canal/natural',0,1,0,0,0,0,0,0,0,1,0,0,0,0,0,0,0,0,0
'/c/canal/urban',0,0,1,0,0,0,0,0,0,0,0,0,0,1,0,0,0,0,0
'/c/candy_store',1,0,0,1,0,0,0,0,0,0,0,0,0,0,0,0,0,0,0
'/c/canyon',0,1,0,0,0,0,0,0,0,0,1,0,0,0,0,0,0,0,0
'/c/car_interior',1,0,0,0,0,0,1,0,0,0,0,0,0,0,0,0,0,0,0
'/c/carrousel',0,0,1,0,0,0,0,0,0,0,0,0,0,0,0,1,0,0,0
'/c/castle',0,0,1,0,0,0,0,0,0,0,0,0,0,0,1,0,0,0,0
'/c/catacomb',1,0,0,0,0,0,0,0,1,0,0,0,0,0,0,0,0,0,0
'/c/cemetery',0,0,1,0,0,0,0,0,0,0,0,0,0,0,1,0,0,0,0
'/c/chalet',0,0,1,0,0,0,0,0,0,0,0,0,0,0,0,0,0,1,0
'/c/chemistry_lab',1,0,0,0,1,0,0,0,0,0,0,0,0,0,0,0,0,0,0
'/c/childs_room',1,0,0,0,0,1,0,0,0,0,0,0,0,0,0,0,0,0,0
'/c/church/indoor',1,0,0,0,0,0,0,0,1,0,0,0,0,0,0,0,0,0,0
'/c/church/outdoor',0,0,1,0,0,0,0,0,0,0,0,0,0,0,1,0,0,0,0
'/c/classroom',1,0,0,0,0,0,0,0,1,0,0,0,0,0,0,0,0,0,0
'/c/clean_room',1,0,0,0,1,0,0,0,0,0,0,0,0,0,0,0,0,0,0
'/c/cliff',0,1,0,0,0,0,0,0,0,0,1,0,0,0,0,0,0,0,0
'/c/closet',1,0,0,0,0,1,0,0,0,0,0,0,0,0,0,0,0,0,0
'/c/clothing_store',1,0,0,1,0,0,0,0,0,0,0,0,0,0,0,0,0,0,0
'/c/coast',0,1,0,0,0,0,0,0,0,1,0,0,0,0,0,0,0,0,0
'/c/cockpit',1,0,0,0,0,0,1,0,0,0,0,0,0,0,0,0,0,0,0
'/c/coffee_shop',1,0,0,1,0,0,0,0,0,0,0,0,0,0,0,0,0,0,0
'/c/computer_room',1,0,0,0,1,0,0,0,0,0,0,0,0,0,0,0,0,0,0
'/c/conference_center',1,0,0,0,0,0,0,0,1,0,0,0,0,0,0,0,0,0,0
'/c/conference_room',1,0,0,0,1,0,0,0,0,0,0,0,0,0,0,0,0,0,0
'/c/construction_site',0,0,1,0,0,0,0,0,0,0,0,0,0,0,0,0,1,0,0
'/c/corn_field',0,1,0,0,0,0,0,0,0,0,0,1,0,0,0,0,0,0,0
'/c/corral',0,1,1,0,0,0,0,0,0,0,0,1,1,0,0,0,0,1,0
'/c/corridor',1,0,0,0,1,0,0,0,0,0,0,0,0,0,0,0,0,0,0
'/c/cottage',0,0,1,0,0,0,0,0,0,0,0,0,0,0,0,0,0,1,0
'/c/courthouse',0,0,1,0,0,0,0,0,0,0,0,0,0,0,1,0,0,0,0
'/c/courtyard',0,0,1,0,0,0,0,0,0,0,0,0,0,0,1,0,0,1,1
'/c/creek',0,1,0,0,0,0,0,0,0,1,0,0,0,0,0,0,0,0,0
'/c/crevasse',0,1,0,0,0,0,0,0,0,1,0,0,0,0,0,0,0,0,0
'/c/crosswalk',0,0,1,0,0,0,0,0,0,0,0,0,0,1,0,0,0,0,1
'/d/dam',0,1,1,0,0,0,0,0,0,1,0,0,1,0,0,0,1,0,0
'/d/delicatessen',1,0,0,1,0,0,0,0,0,0,0,0,0,0,0,0,0,0,0
'/d/department_store',1,0,0,1,0,0,0,0,0,0,0,0,0,0,0,0,0,0,0
'/d/desert/sand',0,1,0,0,0,0,0,0,0,0,1,0,0,0,0,0,0,0,0
'/d/desert/vegetation',0,1,0,0,0,0,0,0,0,0,1,0,0,0,0,0,0,0,0
'/d/desert_road',0,0,1,0,0,0,0,0,0,0,0,0,0,1,0,0,0,0,0
'/d/diner/outdoor',0,0,1,0,0,0,0,0,0,0,0,0,0,0,0,0,0,0,1
'/d/dining_hall',1,0,0,1,0,0,0,0,0,0,0,0,0,0,0,0,0,0,0
'/d/dining_room',1,0,0,0,0,1,0,0,0,0,0,0,0,0,0,0,0,0,0
'/d/discotheque',1,0,0,1,0,0,0,1,0,0,0,0,0,0,0,0,0,0,0
'/d/doorway/outdoor',0,0,1,0,0,0,0,0,0,0,0,0,0,0,0,0,0,1,1
'/d/dorm_room',1,0,0,0,0,1,0,0,0,0,0,0,0,0,0,0,0,0,0
'/d/downtown',0,0,1,0,0,0,0,0,0,0,0,0,0,0,0,0,0,0,1
'/d/dressing_room',1,0,0,0,1,0,0,0,0,0,0,0,0,0,0,0,0,0,0
'/d/driveway',0,0,1,0,0,0,0,0,0,0,0,0,0,0,0,0,0,1,0
'/d/drugstore',1,0,0,1,0,0,0,0,0,0,0,0,0,0,0,0,0,0,0
'/e/elevator/door',1,0,0,0,1,0,0,0,0,0,0,0,0,0,0,0,0,0,0
'/e/elevator_lobby',1,0,0,0,0,0,1,0,0,0,0,0,0,0,0,0,0,0,0
'/e/elevator_shaft',1,0,0,0,1,0,0,0,0,0,0,0,0,0,0,0,0,0,0
'/e/embassy',0,0,1,0,0,0,0,0,0,0,0,0,0,0,0,0,0,0,1
'/e/engine_room',1,0,0,0,1,0,1,0,0,0,0,0,0,0,0,0,0,0,0
'/e/entrance_hall',1,0,0,0,0,0,1,0,0,0,0,0,0,0,0,0,0,0,0
'/e/escalator/indoor',1,0,0,1,1,0,1,0,0,0,0,0,0,0,0,0,0,0,0
'/e/excavation',0,0,1,0,0,0,0,0,0,0,0,0,0,0,0,0,1,0,0
'/f/fabric_store',1,0,0,1,0,0,0,0,0,0,0,0,0,0,0,0,0,0,0
'/f/farm',0,0,1,0,0,0,0,0,0,0,0,0,0,0,0,0,0,1,0
'/f/fastfood_restaurant',1,0,0,1,0,0,0,0,0,0,0,0,0,0,0,0,0,0,0
'/f/field/cultivated',0,1,1,0,0,0,0,0,0,0,0,1,1,0,0,0,0,1,0
'/f/field/wild',0,1,0,0,0,0,0,0,0,0,0,1,0,0,0,0,0,0,0
'/f/field_road',0,0,1,0,0,0,0,0,0,0,0,0,0,1,0,0,0,0,0
'/f/fire_escape',0,0,1,0,0,0,0,0,0,0,0,0,0,0,0,0,0,0,1
'/f/fire_station',0,0,1,0,0,0,0,0,0,0,0,0,0,0,0,0,0,0,1
'/f/fishpond',0,1,1,0,0,0,0,0,0,1,0,0,1,0,0,1,0,0,0
'/f/flea_market/indoor',1,0,0,1,0,0,0,0,0,0,0,0,0,0,0,0,0,0,0
'/f/florist_shop/indoor',1,0,0,1,0,0,0,0,0,0,0,0,0,0,0,0,0,0,0
'/f/food_court',1,0,0,1,0,0,0,0,0,0,0,0,0,0,0,0,0,0,0
'/f/football_field',0,0,1,0,0,0,0,0,0,0,0,0,0,0,0,1,0,0,0
'/f/forest/broadleaf',0,1,0,0,0,0,0,0,0,0,0,1,0,0,0,0,0,0,0
'/f/forest_path',0,1,0,0,0,0,0,0,0,0,0,1,0,0,0,0,0,0,0
'/f/forest_road',0,1,1,0,0,0,0,0,0,0,0,1,1,1,0,1,0,0,0
'/f/formal_garden',0,1,1,0,0,0,0,0,0,0,0,1,1,0,0,0,0,1,0
'/f/fountain',0,0,1,0,0,0,0,0,0,0,0,0,0,0,1,0,0,0,0
'/g/galley',1,0,0,0,0,0,1,0,0,0,0,0,0,0,0,0,0,0,0
'/g/garage/indoor',1,0,0,0,0,1,0,0,0,0,0,0,0,0,0,0,0,0,0
'/g/garage/outdoor',0,0,1,0,0,0,0,0,0,0,0,0,0,1,0,0,0,1,0
'/g/gas_station',0,0,1,0,0,0,0,0,0,0,0,0,0,1,0,0,0,0,1
'/g/gazebo/exterior',0,0,1,0,0,0,0,0,0,0,0,0,0,0,0,1,0,0,0
'/g/general_store/indoor',1,0,0,1,0,0,0,0,0,0,0,0,0,0,0,0,0,0,0
'/g/general_store/outdoor',0,0,1,0,0,0,0,0,0,0,0,0,0,0,0,0,0,0,1
'/g/gift_shop',1,0,0,1,0,0,0,0,0,0,0,0,0,0,0,0,0,0,0
'/g/glacier',0,1,0,0,0,0,0,0,0,1,0,0,0,0,0,0,0,0,0
'/g/golf_course',0,1,1,0,0,0,0,0,0,0,0,1,1,0,0,1,0,0,0
'/g/greenhouse/indoor',1,0,0,0,1,0,0,0,0,0,0,0,0,0,0,0,0,0,0
'/g/greenhouse/outdoor',0,0,1,0,0,0,0,0,0,0,0,0,0,0,0,0,0,1,0
'/g/grotto',0,1,0,0,0,0,0,0,0,1,1,0,0,0,0,0,0,0,0
'/g/gymnasium/indoor',1,0,0,0,0,0,0,1,0,0,0,0,0,0,0,0,0,0,0
'/h/hangar/indoor',1,0,0,0,0,0,1,0,0,0,0,0,0,0,0,0,0,0,0
'/h/hangar/outdoor',0,0,1,0,0,0,0,0,0,0,0,0,0,1,0,0,0,0,0
'/h/harbor',0,0,1,0,0,0,0,0,0,0,0,0,0,1,0,0,0,0,0
'/h/hardware_store',1,0,0,1,0,0,0,0,0,0,0,0,0,0,0,0,0,0,0
'/h/hayfield',0,1,1,0,0,0,0,0,0,0,0,1,1,0,0,0,0,1,0
'/h/heliport',0,0,1,0,0,0,0,0,0,0,0,0,0,1,0,0,0,0,0
'/h/highway',0,1,1,0,0,0,0,0,0,0,0,0,1,1,0,0,0,0,0
'/h/home_office',1,0,0,0,0,1,0,0,0,0,0,0,0,0,0,0,0,0,0
'/h/home_theater',1,0,0,0,0,1,0,0,0,0,0,0,0,0,0,0,0,0,0
'/h/hospital',0,0,1,0,0,0,0,0,0,0,0,0,0,0,0,0,0,0,1
'/h/hospital_room',1,0,0,0,1,0,0,0,0,0,0,0,0,0,0,0,0,0,0
'/h/hot_spring',0,1,0,0,0,0,0,0,0,1,0,0,0,0,0,0,0,0,0
'/h/hotel/outdoor',0,0,1,0,0,0,0,0,0,0,0,0,0,0,0,0,0,0,1
'/h/hotel_room',1,0,0,0,0,1,0,0,0,0,0,0,0,0,0,0,0,0,0
'/h/house',0,0,1,0,0,0,0,0,0,0,0,0,0,0,0,0,0,1,0
'/h/hunting_lodge/outdoor',0,0,1,0,0,0,0,0,0,0,0,0,0,0,0,0,0,1,0
'/i/ice_cream_parlor',1,0,0,1,0,0,0,0,0,0,0,0,0,0,0,0,0,0,0
'/i/ice_floe',0,1,0,0,0,0,0,0,0,1,0,0,0,0,0,0,0,0,0
'/i/ice_shelf',0,1,0,0,0,0,0,0,0,1,0,0,0,0,0,0,0,0,0
'/i/ice_skating_rink/indoor',1,0,0,0,0,0,0,1,0,0,0,0,0,0,0,0,0,0,0
'/i/ice_skating_rink/outdoor',0,0,1,0,0,0,0,0,0,0,0,0,0,0,0,1,0,0,0
'/i/iceberg',0,1,0,0,0,0,0,0,0,1,0,0,0,0,0,0,0,0,0
'/i/igloo',0,1,1,0,0,0,0,0,0,1,0,0,1,0,0,1,0,0,0
'/i/industrial_area',0,0,1,0,0,0,0,0,0,0,0,0,0,0,0,0,1,0,0
'/i/inn/outdoor',0,0,1,0,0,0,0,0,0,0,0,0,0,0,0,0,0,0,1
'/i/islet',0,1,0,0,0,0,0,0,0,1,0,0,0,0,0,0,0,0,0
'/j/jacuzzi/indoor',1,0,0,0,0,0,0,1,0,0,0,0,0,0,0,0,0,0,0
'/j/jail_cell',1,0,0,0,0,0,0,0,1,0,0,0,0,0,0,0,0,0,0
'/j/japanese_garden',0,0,1,0,0,0,0,0,0,0,0,0,0,0,0,0,0,1,0
'/j/jewelry_shop',1,0,0,1,0,0,0,0,0,0,0,0,0,0,0,0,0,0,0
'/j/junkyard',0,0,1,0,0,0,0,0,0,0,0,0,0,0,0,0,1,0,0
'/k/kasbah',0,0,1,0,0,0,0,0,0,0,0,0,0,0,1,0,0,0,0
'/k/kennel/outdoor',0,0,1,0,0,0,0,0,0,0,0,0,0,0,0,0,0,1,0
'/k/kindergarden_classroom',1,0,0,0,0,0,0,0,1,0,0,0,0,0,0,0,0,0,0
'/k/kitchen',1,0,0,0,0,1,0,0,0,0,0,0,0,0,0,0,0,0,0
'/l/lagoon',0,1,0,0,0,0,0,0,0,1,0,0,0,0,0,0,0,0,0
'/l/lake/natural',0,1,0,0,0,0,0,0,0,1,0,0,0,0,0,0,0,0,0
'/l/landfill',0,0,1,0,0,0,0,0,0,0,0,0,0,0,0,0,1,0,0
'/l/landing_deck',0,0,1,0,0,0,0,0,0,0,0,0,0,1,0,0,0,0,0
'/l/laundromat',1,0,0,0,1,1,0,0,0,0,0,0,0,0,0,0,0,0,0
'/l/lawn',0,0,1,0,0,0,0,0,0,0,0,0,0,0,0,1,0,0,0
'/l/lecture_room',1,0,0,0,0,0,0,0,1,0,0,0,0,0,0,0,0,0,0
'/l/legislative_chamber',1,0,0,0,0,0,0,0,1,0,0,0,0,0,0,0,0,0,0
'/l/library/indoor',1,0,0,0,0,0,0,0,1,0,0,0,0,0,0,0,0,0,0
'/l/library/outdoor',0,0,1,0,0,0,0,0,0,0,0,0,0,0,1,0,0,0,0
'/l/lighthouse',0,0,1,0,0,0,0,0,0,0,0,0,0,0,1,0,0,0,0
'/l/living_room',1,0,0,0,0,1,0,0,0,0,0,0,0,0,0,0,0,0,0
'/l/loading_dock',0,0,1,0,0,0,0,0,0,0,0,0,0,1,0,0,0,0,0
'/l/lobby',1,0,0,0,1,0,0,0,0,0,0,0,0,0,0,0,0,0,0
'/l/lock_chamber',0,0,1,0,0,0,0,0,0,0,0,0,0,1,0,0,0,0,0
'/l/locker_room',1,0,0,0,0,0,0,1,0,0,0,0,0,0,0,0,0,0,0
'/m/mansion',0,0,1,0,0,0,0,0,0,0,0,0,0,0,0,0,0,1,0
'/m/manufactured_home',0,0,1,0,0,0,0,0,0,0,0,0,0,0,0,0,0,1,0
'/m/market/indoor',1,0,0,1,0,0,0,0,0,0,0,0,0,0,0,0,0,0,0
'/m/market/outdoor',0,0,1,0,0,0,0,0,0,0,0,0,0,0,0,0,0,0,1
'/m/marsh',0,1,0,0,0,0,0,0,0,1,0,1,0,0,0,0,0,0,0
'/m/martial_arts_gym',1,0,0,0,0,0,0,1,0,0,0,0,0,0,0,0,0,0,0
'/m/mausoleum',0,0,1,0,0,0,0,0,0,0,0,0,0,0,1,0,0,0,0
'/m/medina',0,0,1,0,0,0,0,0,0,0,0,0,0,0,1,0,0,0,1
'/m/mezzanine',1,0,0,0,1,0,0,0,0,0,0,0,0,0,0,0,0,0,0
'/m/moat/water',0,0,1,0,0,0,0,0,0,0,0,0,0,0,1,0,0,0,0
'/m/mosque/outdoor',0,0,1,0,0,0,0,0,0,0,0,0,0,0,1,0,0,0,0
'/m/motel',0,0,1,0,0,0,0,0,0,0,0,0,0,0,0,0,0,0,1
'/m/mountain',0,1,0,0,0,0,0,0,0,0,1,0,0,0,0,0,0,0,0
'/m/mountain_path',0,1,1,0,0,0,0,0,0,0,0,0,1,1,0,0,0,0,0
'/m/mountain_snowy',0,1,0,0,0,0,0,0,0,1,1,0,0,0,0,0,0,0,0
'/m/movie_theater/indoor',1,0,0,0,0,0,0,0,1,0,0,0,0,0,0,0,0,0,0
'/m/museum/indoor',1,0,0,0,0,0,0,0,1,0,0,0,0,0,0,0,0,0,0
'/m/museum/outdoor',0,0,1,0,0,0,0,0,0,0,0,0,0,0,1,0,0,0,0
'/m/music_studio',1,0,0,0,0,0,0,0,1,0,0,0,0,0,0,0,0,0,0
'/n/natural_history_museum',1,0,0,0,0,0,0,0,1,0,0,0,0,0,0,0,0,0,0
'/n/nursery',1,0,0,0,0,1,0,0,0,0,0,0,0,0,0,0,0,0,0
'/n/nursing_home',1,0,0,0,0,1,0,0,0,0,0,0,0,0,0,0,0,0,0
'/o/oast_house',0,0,1,0,0,0,0,0,0,0,0,0,0,0,1,0,0,0,0
'/o/ocean',0,1,0,0,0,0,0,0,0,1,0,0,0,0,0,0,0,0,0
'/o/office',1,0,0,0,1,0,0,0,0,0,0,0,0,0,0,0,0,0,0
'/o/office_building',0,0,1,0,0,0,0,0,0,0,0,0,0,0,0,0,0,0,1
'/o/office_cubicles',1,0,0,0,1,0,0,0,0,0,0,0,0,0,0,0,0,0,0
'/o/oilrig',0,0,1,0,0,0,0,0,0,0,0,0,0,0,0,0,1,0,0
'/o/operating_room',1,0,0,0,1,0,0,0,0,0,0,0,0,0,0,0,0,0,0
'/o/orchard',0,1,0,0,0,0,0,0,0,0,0,1,0,0,0,0,0,0,0
'/o/orchestra_pit',1,0,0,0,0,0,0,0,1,0,0,0,0,0,0,0,0,0,0
'/p/pagoda',0,0,1,0,0,0,0,0,0,0,0,0,0,0,1,0,0,0,0
'/p/palace',0,0,1,0,0,0,0,0,0,0,0,0,0,0,1,0,0,0,0
'/p/pantry',1,0,0,0,0,1,0,0,0,0,0,0,0,0,0,0,0,0,0
'/p/park',0,1,1,0,0,0,0,0,0,0,0,1,1,0,0,1,0,0,0
'/p/parking_garage/indoor',1,0,0,0,1,0,0,0,0,0,0,0,0,0,0,0,0,0,0
'/p/parking_garage/outdoor',0,0,1,0,0,0,0,0,0,0,0,0,0,1,0,0,0,0,1
'/p/parking_lot',0,0,1,0,0,0,0,0,0,0,0,0,0,1,0,0,0,0,0
'/p/pasture',0,1,0,0,0,0,0,0,0,0,0,1,0,0,0,0,0,0,0
'/p/patio',0,0,1,0,0,0,0,0,0,0,0,0,0,0,0,0,0,1,0
'/p/pavilion',0,0,1,0,0,0,0,0,0,0,0,0,0,0,0,1,0,0,0
'/p/pet_shop',1,0,0,1,0,0,0,0,0,0,0,0,0,0,0,0,0,0,0
'/p/pharmacy',1,0,0,1,0,0,0,0,0,0,0,0,0,0,0,0,0,0,0
'/p/phone_booth',0,0,1,0,0,0,0,0,0,0,0,0,0,0,0,0,0,0,1
'/p/physics_laboratory',1,0,0,0,1,0,0,0,0,0,0,0,0,0,0,0,0,0,0
'/p/picnic_area',0,1,1,0,0,0,0,0,0,0,0,1,1,0,0,1,0,0,0
'/p/pier',0,0,1,0,0,0,0,0,0,0,0,0,0,1,0,0,0,0,0
'/p/pizzeria',1,0,0,1,0,0,0,0,0,0,0,0,0,0,0,0,0,0,0
'/p/playground',0,1,1,0,0,0,0,0,0,0,0,1,1,0,0,1,0,0,0
'/p/playroom',1,0,0,0,0,1,0,0,0,0,0,0,0,0,0,0,0,0,0
'/p/plaza',0,0,1,0,0,0,0,0,0,0,0,0,0,0,1,0,0,0,1
'/p/pond',0,1,0,0,0,0,0,0,0,1,0,0,0,0,0,0,0,0,0
'/p/porch',0,0,1,0,0,0,0,0,0,0,0,0,0,0,0,1,0,0,1
'/p/promenade',0,0,1,0,0,0,0,0,0,0,0,0,0,0,0,1,0,0,0
'/p/pub/indoor',1,0,0,1,0,0,0,0,0,0,0,0,0,0,0,0,0,0,0
'/r/racecourse',0,0,1,0,0,0,0,0,0,0,0,0,0,0,0,1,0,0,0
'/r/raceway',0,0,1,0,0,0,0,0,0,0,0,0,0,0,0,1,0,0,0
'/r/raft',0,1,0,0,0,0,0,0,0,1,0,0,1,0,0,0,0,0,0
'/r/railroad_track',0,0,1,0,0,0,0,0,0,0,0,0,0,1,0,0,0,0,0
'/r/rainforest',0,1,0,0,0,0,0,0,0,0,0,1,0,0,0,0,0,0,0
'/r/reception',1,0,0,0,1,0,0,0,0,0,0,0,0,0,0,0,0,0,0
'/r/recreation_room',1,0,0,0,0,1,0,0,0,0,0,0,0,0,0,0,0,0,0
'/r/repair_shop',1,0,0,1,1,0,0,0,0,0,0,0,0,0,0,0,0,0,0
'/r/residential_neighborhood',0,0,1,0,0,0,0,0,0,0,0,0,0,0,0,0,0,1,1
'/r/restaurant',1,0,0,1,0,0,0,0,0,0,0,0,0,0,0,0,0,0,0
'/r/restaurant_kitchen',1,0,0,1,0,1,0,0,0,0,0,0,0,0,0,0,0,0,0
'/r/restaurant_patio',0,0,1,0,0,0,0,0,0,0,0,0,0,0,0,0,0,0,1
'/r/rice_paddy',0,1,1,0,0,0,0,0,0,0,0,1,1,0,0,0,0,1,0
'/r/river',0,1,0,0,0,0,0,0,0,1,0,0,0,0,0,0,0,0,0
'/r/rock_arch',0,1,0,0,0,0,0,0,0,0,1,0,0,0,0,0,0,0,0
'/r/roof_garden',0,0,1,0,0,0,0,0,0,0,0,0,0,0,0,0,0,1,0
'/r/rope_bridge',0,1,1,0,0,0,0,0,0,0,0,0,1,0,0,1,0,0,0
'/r/ruin',0,1,1,0,0,0,0,0,0,0,0,0,1,0,1,0,0,0,0
'/r/runway',0,0,1,0,0,0,0,0,0,0,0,0,0,1,0,0,0,0,0
'/s/sandbox',0,0,1,0,0,0,0,0,0,0,0,0,0,0,0,1,0,0,0
'/s/sauna',1,0,0,0,0,0,0,1,0,0,0,0,0,0,0,0,0,0,0
'/s/schoolhouse',0,0,1,0,0,0,0,0,0,0,0,0,0,0,0,0,0,0,1
'/s/science_museum',1,0,0,0,0,0,0,0,1,0,0,0,0,0,0,0,0,0,0
'/s/server_room',1,0,0,0,1,0,0,0,0,0,0,0,0,0,0,0,0,0,0
'/s/shed',0,0,1,0,0,0,0,0,0,0,0,0,0,0,0,0,0,1,0
'/s/shoe_shop',1,0,0,1,0,0,0,0,0,0,0,0,0,0,0,0,0,0,0
'/s/shopfront',0,0,1,0,0,0,0,0,0,0,0,0,0,0,0,0,0,0,1
'/s/shopping_mall/indoor',1,0,0,1,0,0,0,0,0,0,0,0,0,0,0,0,0,0,0
'/s/shower',1,0,0,0,0,1,0,0,0,0,0,0,0,0,0,0,0,0,0
'/s/ski_resort',0,0,1,0,0,0,0,0,0,0,0,0,0,0,0,0,0,1,0
'/s/ski_slope',0,1,1,0,0,0,0,0,0,1,0,0,1,0,0,1,0,0,0
'/s/sky',0,1,0,0,0,0,0,0,0,0,1,0,0,0,0,0,0,0,0
'/s/skyscraper',0,0,1,0,0,0,0,0,0,0,0,0,0,0,0,0,0,0,1
'/s/slum',0,0,1,0,0,0,0,0,0,0,0,0,0,0,0,0,0,0,1
'/s/snowfield',0,1,0,0,0,0,0,0,0,1,0,0,0,0,0,0,0,0,0
'/s/soccer_field',0,0,1,0,0,0,0,0,0,0,0,0,0,0,0,1,0,0,0
'/s/stable',1,0,0,0,1,1,0,0,0,0,0,0,0,0,0,0,0,0,0
'/s/stadium/baseball',0,0,1,0,0,0,0,0,0,0,0,0,0,0,0,1,0,0,0
'/s/stadium/football',0,0,1,0,0,0,0,0,0,0,0,0,0,0,0,1,0,0,0
'/s/stadium/soccer',0,0,1,0,0,0,0,0,0,0,0,0,0,0,0,1,0,0,0
'/s/stage/indoor',1,0,0,0,0,0,0,0,1,0,0,0,0,0,0,0,0,0,0
'/s/stage/outdoor',0,0,1,0,0,0,0,0,0,0,0,0,0,0,0,1,0,0,0
'/s/staircase',1,0,0,0,1,1,0,0,0,0,0,0,0,0,0,0,0,0,0
'/s/storage_room',1,0,0,0,1,0,0,0,0,0,0,0,0,0,0,0,0,0,0
'/s/street',0,0,1,0,0,0,0,0,0,0,0,0,0,0,0,0,0,0,1
'/s/subway_station/platform',1,0,0,0,0,0,1,0,0,0,0,0,0,0,0,0,0,0,0
'/s/supermarket',1,0,0,1,0,0,0,0,0,0,0,0,0,0,0,0,0,0,0
'/s/sushi_bar',1,0,0,1,0,0,0,0,0,0,0,0,0,0,0,0,0,0,0
'/s/swamp',0,1,0,0,0,0,0,0,0,1,0,1,0,0,0,0,0,0,0
'/s/swimming_hole',0,1,0,0,0,0,0,0,0,1,0,0,0,0,0,0,0,0,0
'/s/swimming_pool/indoor',1,0,0,0,0,0,0,1,0,0,0,0,0,0,0,0,0,0,0
'/s/swimming_pool/outdoor',0,0,1,0,0,0,0,0,0,0,0,0,0,0,0,1,0,0,0
'/s/synagogue/outdoor',0,0,1,0,0,0,0,0,0,0,0,0,0,0,1,0,0,0,0
'/t/television_room',1,0,0,0,0,1,0,0,0,0,0,0,0,0,0,0,0,0,0
'/t/television_studio',1,0,0,0,0,0,0,0,1,0,0,0,0,0,0,0,0,0,0
'/t/temple/asia',0,0,1,0,0,0,0,0,0,0,0,0,0,0,1,0,0,0,0
'/t/throne_room',1,0,0,0,0,0,0,0,1,0,0,0,0,0,0,0,0,0,0
'/t/ticket_booth',1,0,1,1,1,0,0,0,1,0,0,0,0,0,0,0,0,0,1
'/t/topiary_garden',0,1,1,0,0,0,0,0,0,0,0,1,1,0,0,0,0,1,0
'/t/tower',0,0,1,0,0,0,0,0,0,0,0,0,0,0,1,0,0,0,0
'/t/toyshop',1,0,0,1,0,0,0,0,0,0,0,0,0,0,0,0,0,0,0
'/t/train_interior',1,0,0,0,0,0,1,0,0,0,0,0,0,0,0,0,0,0,0
'/t/train_station/platform',1,0,0,0,0,0,1,0,0,0,0,0,0,0,0,0,0,0,0
'/t/tree_farm',0,1,0,0,0,0,0,0,0,0,0,1,0,0,0,0,0,0,0
'/t/tree_house',0,1,1,0,0,0,0,0,0,0,0,1,1,0,0,1,0,1,0
'/t/trench',0,1,1,0,0,0,0,0,0,0,0,0,1,0,0,0,1,0,0
'/t/tundra',0,1,0,0,0,0,0,0,0,0,1,0,0,0,0,0,0,0,0
'/u/underwater/ocean_deep',0,1,0,0,0,0,0,0,0,1,0,0,0,0,0,0,0,0,0
'/u/utility_room',1,0,0,0,0,1,0,0,0,0,0,0,0,0,0,0,0,0,0
'/v/valley',0,1,0,0,0,0,0,0,0,0,1,0,0,0,0,0,0,0,0
'/v/vegetable_garden',0,1,1,0,0,0,0,0,0,0,0,1,1,0,0,0,0,1,0
'/v/veterinarians_office',1,0,0,0,1,0,0,0,0,0,0,0,0,0,0,0,0,0,0
'/v/viaduct',0,1,1,0,0,0,0,0,0,0,0,0,1,0,1,0,0,0,0
'/v/village',0,0,1,0,0,0,0,0,0,0,0,0,0,0,0,0,0,0,1
'/v/vineyard',0,1,1,0,0,0,0,0,0,0,0,1,1,0,0,0,0,1,0
'/v/volcano',0,1,0,0,0,0,0,0,0,0,1,0,0,0,0,0,0,0,0
'/v/volleyball_court/outdoor',0,0,1,0,0,0,0,0,0,0,0,0,0,0,0,1,0,0,0
'/w/waiting_room',1,0,0,0,1,0,0,0,0,0,0,0,0,0,0,0,0,0,0
'/w/water_park',0,0,1,0,0,0,0,0,0,0,0,0,0,0,0,1,0,0,0
'/w/water_tower',0,0,1,0,0,0,0,0,0,0,0,0,0,0,0,0,1,0,0
'/w/waterfall',0,1,0,0,0,0,0,0,0,1,0,0,0,0,0,0,0,0,0
'/w/watering_hole',0,1,0,0,0,0,0,0,0,1,0,0,0,0,0,0,0,0,0
'/w/wave',0,1,0,0,0,0,0,0,0,1,0,0,0,0,0,0,0,0,0
'/w/wet_bar',1,0,0,0,0,1,0,0,0,0,0,0,0,0,0,0,0,0,0
'/w/wheat_field',0,1,0,0,0,0,0,0,0,0,0,1,0,0,0,0,0,0,0
'/w/wind_farm',0,1,1,0,0,0,0,0,0,0,0,1,1,0,0,0,1,0,0
'/w/windmill',0,0,1,0,0,0,0,0,0,0,0,0,0,0,1,0,1,0,1
'/y/yard',0,1,1,0,0,0,0,0,0,0,0,1,1,0,0,0,0,1,0
'/y/youth_hostel',1,0,0,0,0,1,0,0,0,0,0,0,0,0,0,0,0,0,0
'/z/zen_garden',0,0,1,0,0,0,0,0,0,0,0,0,0,0,0,0,0,1,0